{
  "best": {
    "score": 0.9271523178807947,
    "threshold": 0.6950000000000004,
    "accuracy": 0.9271523178807947,
    "balanced_accuracy": 0.916394969725198,
    "precision": 0.9636363636363636,
    "recall": 0.9380530973451328,
    "f1": 0.9506726457399103,
    "mcc": 0.812602621658384,
    "roc_auc": 0.955985095482068,
    "name": "lgb_xgb_20",
    "model": "lightgbm",
    "ranking": "xgb",
    "feature_count": 20,
    "features": [
      "tqwt_entropy_log_dec_12",
      "tqwt_entropy_shannon_dec_16",
      "tqwt_TKEO_std_dec_12",
      "std_delta_delta_log_energy",
      "tqwt_TKEO_std_dec_19",
      "tqwt_entropy_shannon_dec_36",
      "tqwt_stdValue_dec_20",
      "tqwt_kurtosisValue_dec_36",
      "std_8th_delta_delta",
      "b1",
      "numPulses",
      "mean_4th_delta",
      "std_11th_delta",
      "mean_MFCC_2nd_coef",
      "tqwt_entropy_shannon_dec_35",
      "tqwt_entropy_shannon_dec_32",
      "tqwt_kurtosisValue_dec_31",
      "tqwt_stdValue_dec_36",
      "mean_MFCC_6th_coef",
      "det_entropy_log_4_coef"
    ]
  },
  "top10": [
    {
      "score": 0.9271523178807947,
      "threshold": 0.6950000000000004,
      "accuracy": 0.9271523178807947,
      "balanced_accuracy": 0.916394969725198,
      "precision": 0.9636363636363636,
      "recall": 0.9380530973451328,
      "f1": 0.9506726457399103,
      "mcc": 0.812602621658384,
      "roc_auc": 0.955985095482068,
      "name": "lgb_xgb_20",
      "model": "lightgbm",
      "ranking": "xgb",
      "feature_count": 20,
      "features": [
        "tqwt_entropy_log_dec_12",
        "tqwt_entropy_shannon_dec_16",
        "tqwt_TKEO_std_dec_12",
        "std_delta_delta_log_energy",
        "tqwt_TKEO_std_dec_19",
        "tqwt_entropy_shannon_dec_36",
        "tqwt_stdValue_dec_20",
        "tqwt_kurtosisValue_dec_36",
        "std_8th_delta_delta",
        "b1",
        "numPulses",
        "mean_4th_delta",
        "std_11th_delta",
        "mean_MFCC_2nd_coef",
        "tqwt_entropy_shannon_dec_35",
        "tqwt_entropy_shannon_dec_32",
        "tqwt_kurtosisValue_dec_31",
        "tqwt_stdValue_dec_36",
        "mean_MFCC_6th_coef",
        "det_entropy_log_4_coef"
      ]
    },
    {
      "score": 0.9139072847682119,
      "threshold": 0.25,
      "accuracy": 0.9139072847682119,
      "balanced_accuracy": 0.855146716348393,
      "precision": 0.9166666666666666,
      "recall": 0.9734513274336283,
      "f1": 0.944206008583691,
      "mcc": 0.7631279310662402,
      "roc_auc": 0.9611085235211924,
      "name": "lgb_xgb_35",
      "model": "lightgbm",
      "ranking": "xgb",
      "feature_count": 35,
      "features": [
        "tqwt_entropy_log_dec_12",
        "tqwt_entropy_shannon_dec_16",
        "tqwt_TKEO_std_dec_12",
        "std_delta_delta_log_energy",
        "tqwt_TKEO_std_dec_19",
        "tqwt_entropy_shannon_dec_36",
        "tqwt_stdValue_dec_20",
        "tqwt_kurtosisValue_dec_36",
        "std_8th_delta_delta",
        "b1",
        "numPulses",
        "mean_4th_delta",
        "std_11th_delta",
        "mean_MFCC_2nd_coef",
        "tqwt_entropy_shannon_dec_35",
        "tqwt_entropy_shannon_dec_32",
        "tqwt_kurtosisValue_dec_31",
        "tqwt_stdValue_dec_36",
        "mean_MFCC_6th_coef",
        "det_entropy_log_4_coef",
        "tqwt_entropy_shannon_dec_23",
        "tqwt_skewnessValue_dec_29",
        "tqwt_medianValue_dec_36",
        "DFA",
        "std_6th_delta_delta",
        "f1",
        "tqwt_energy_dec_26",
        "tqwt_entropy_log_dec_25",
        "tqwt_kurtosisValue_dec_25",
        "tqwt_minValue_dec_17",
        "tqwt_TKEO_mean_dec_18",
        "std_5th_delta_delta",
        "tqwt_energy_dec_12",
        "GNE_NSR_SEO",
        "tqwt_TKEO_std_dec_21"
      ]
    },
    {
      "score": 0.9072847682119205,
      "threshold": 0.3500000000000001,
      "accuracy": 0.9072847682119205,
      "balanced_accuracy": 0.8681881695388916,
      "precision": 0.9304347826086956,
      "recall": 0.9469026548672567,
      "f1": 0.9385964912280702,
      "mcc": 0.7499471775543441,
      "roc_auc": 0.9399161620866325,
      "name": "lgb_mi_25",
      "model": "lightgbm",
      "ranking": "mi",
      "feature_count": 25,
      "features": [
        "std_delta_delta_log_energy",
        "std_8th_delta_delta",
        "minIntensity",
        "mean_MFCC_2nd_coef",
        "tqwt_entropy_log_dec_11",
        "apq11Shimmer",
        "std_delta_log_energy",
        "std_6th_delta_delta",
        "tqwt_entropy_log_dec_12",
        "tqwt_entropy_shannon_dec_16",
        "tqwt_entropy_shannon_dec_14",
        "tqwt_energy_dec_26",
        "tqwt_TKEO_mean_dec_13",
        "tqwt_energy_dec_27",
        "tqwt_entropy_shannon_dec_13",
        "tqwt_medianValue_dec_26",
        "tqwt_entropy_log_dec_28",
        "tqwt_stdValue_dec_8",
        "tqwt_entropy_shannon_dec_11",
        "maxIntensity",
        "tqwt_entropy_shannon_dec_15",
        "tqwt_minValue_dec_10",
        "tqwt_TKEO_mean_dec_16",
        "tqwt_TKEO_std_dec_12",
        "std_Log_energy"
      ]
    },
    {
      "score": 0.9072847682119205,
      "threshold": 0.5100000000000002,
      "accuracy": 0.9072847682119205,
      "balanced_accuracy": 0.8681881695388916,
      "precision": 0.9304347826086956,
      "recall": 0.9469026548672567,
      "f1": 0.9385964912280702,
      "mcc": 0.7499471775543441,
      "roc_auc": 0.9394503959012577,
      "name": "lgb_mi_50",
      "model": "lightgbm",
      "ranking": "mi",
      "feature_count": 50,
      "features": [
        "std_delta_delta_log_energy",
        "std_8th_delta_delta",
        "minIntensity",
        "mean_MFCC_2nd_coef",
        "tqwt_entropy_log_dec_11",
        "apq11Shimmer",
        "std_delta_log_energy",
        "std_6th_delta_delta",
        "tqwt_entropy_log_dec_12",
        "tqwt_entropy_shannon_dec_16",
        "tqwt_entropy_shannon_dec_14",
        "tqwt_energy_dec_26",
        "tqwt_TKEO_mean_dec_13",
        "tqwt_energy_dec_27",
        "tqwt_entropy_shannon_dec_13",
        "tqwt_medianValue_dec_26",
        "tqwt_entropy_log_dec_28",
        "tqwt_stdValue_dec_8",
        "tqwt_entropy_shannon_dec_11",
        "maxIntensity",
        "tqwt_entropy_shannon_dec_15",
        "tqwt_minValue_dec_10",
        "tqwt_TKEO_mean_dec_16",
        "tqwt_TKEO_std_dec_12",
        "std_Log_energy",
        "tqwt_skewnessValue_dec_13",
        "tqwt_kurtosisValue_dec_18",
        "tqwt_stdValue_dec_7",
        "std_6th_delta",
        "std_10th_delta",
        "tqwt_TKEO_mean_dec_15",
        "tqwt_entropy_shannon_dec_12",
        "tqwt_medianValue_dec_25",
        "tqwt_minValue_dec_13",
        "std_8th_delta",
        "tqwt_entropy_log_dec_27",
        "tqwt_minValue_dec_16",
        "tqwt_skewnessValue_dec_30",
        "tqwt_skewnessValue_dec_23",
        "tqwt_minValue_dec_11",
        "tqwt_energy_dec_24",
        "tqwt_minValue_dec_17",
        "tqwt_TKEO_mean_dec_14",
        "tqwt_energy_dec_25",
        "tqwt_skewnessValue_dec_36",
        "tqwt_entropy_shannon_dec_7",
        "tqwt_minValue_dec_8",
        "tqwt_stdValue_dec_36",
        "tqwt_skewnessValue_dec_16",
        "tqwt_TKEO_std_dec_16"
      ]
    },
    {
      "score": 0.9072847682119205,
      "threshold": 0.25,
      "accuracy": 0.9072847682119205,
      "balanced_accuracy": 0.841988821611551,
      "precision": 0.9090909090909091,
      "recall": 0.9734513274336283,
      "f1": 0.9401709401709402,
      "mcc": 0.7439086591465629,
      "roc_auc": 0.9622729389846297,
      "name": "lgb_xgb_30",
      "model": "lightgbm",
      "ranking": "xgb",
      "feature_count": 30,